Delta,Time,CPU_FREQUENCY_0,CPU_FREQUENCY_1,CPU_FREQUENCY_10,CPU_FREQUENCY_11,CPU_FREQUENCY_2,CPU_FREQUENCY_3,CPU_FREQUENCY_4,CPU_FREQUENCY_5,CPU_FREQUENCY_6,CPU_FREQUENCY_7,CPU_FREQUENCY_8,CPU_FREQUENCY_9,CPU_USAGE_0,CPU_USAGE_1,CPU_USAGE_10,CPU_USAGE_11,CPU_USAGE_2,CPU_USAGE_3,CPU_USAGE_4,CPU_USAGE_5,CPU_USAGE_6,CPU_USAGE_7,CPU_USAGE_8,CPU_USAGE_9,DRAM_ENERGY (J),GPU0_MEMORY_TOTAL,GPU0_MEMORY_USED,GPU0_POWER (mWatts),GPU0_TEMPERATURE,GPU0_USAGE,PACKAGE_ENERGY (J),PP0_ENERGY (J),PP1_ENERGY (J),TOTAL_MEMORY,TOTAL_SWAP,USED_MEMORY,USED_SWAP
0,1771967952763,800,800,969,1112,1137,883,800,800,800,1265,800,800,8.571429252624512,2.941176414489746,2.857142925262451,8.333333969116211,5.714285850524902,11.428571701049805,2.857142925262451,2.941176414489746,5.555555820465088,2.941176414489746,5.555555820465088,5.714285850524902,21828.072998046875,4096,387,3027,48,0,68170.98419189453,348.0106201171875,3286.8975219726563,16408719360,4294963200,2603859968,233472
200,1771967952763,800,800,969,1112,1137,883,800,800,800,1265,800,800,8.571429252624512,2.941176414489746,2.857142925262451,8.333333969116211,5.714285850524902,11.428571701049805,2.857142925262451,2.941176414489746,5.555555820465088,2.941176414489746,5.555555820465088,5.714285850524902,21828.100036621094,4096,387,3717,48,0,68171.55090332031,348.44097900390625,3286.8975219726563,16408719360,4294963200,2609983488,233472
200,1771967952964,800,800,969,1112,1137,883,800,800,800,1265,800,800,0,0,0,78.57142639160156,0,34.482757568359375,0,0,0,0,0,0,21828.294921875,4096,387,3117,48,0,68174.89825439453,351.20703125,3286.8975219726563,16408719360,4294963200,2749575168,233472
200,1771967953164,800,800,969,1112,1137,883,800,800,800,1265,800,800,0,0,0,100,0,10,0,0,0,0,0,0,21828.471130371094,4096,387,3151,48,0,68178.10009765625,353.86248779296875,3286.8975219726563,16408719360,4294963200,2807083008,233472
200,1771967953364,800,800,969,1112,1137,883,800,800,800,1265,800,800,0,0,0,100,0,10,0,0,0,0,0,0,21828.629943847656,4096,387,3164,48,0,68181.61688232422,356.83624267578125,3286.8975219726563,16408719360,4294963200,2833985536,233472
200,1771967953564,800,800,969,1112,1137,883,800,800,800,1265,800,800,0,0,14.285715103149414,100,0,0,0,0,0,0,0,0,21828.783203125,4096,387,3277,48,0,68184.99975585938,359.6842041015625,3286.8975219726563,16408719360,4294963200,2878943232,233472
200,1771967953764,800,800,969,1112,1137,883,800,800,800,1265,800,800,0,0,15.000000953674316,100,0,0,0,0,0,0,0,0,21828.92120361328,4096,387,3084,48,0,68188.67095947266,362.800048828125,3286.8975219726563,16408719360,4294963200,2890010624,233472
200,1771967953964,800,800,969,1112,1137,883,800,800,800,1265,800,800,0,0,10,100,0,0,0,0,0,0,0,0,21829.085388183594,4096,387,3094,48,0,68191.9136352539,365.500244140625,3286.8975219726563,16408719360,4294963200,2897051648,233472
200,1771967954164,800,800,969,1112,1137,883,800,800,800,1265,800,800,0,0,5.263157844543457,100,0,0,0,0,0,0,0,0,21829.232971191406,4096,387,3057,48,0,68195.5556640625,368.60504150390625,3286.8975219726563,16408719360,4294963200,2907942912,233472
200,1771967954364,800,800,969,1112,1137,883,800,800,800,1265,800,800,0,0,15.000000953674316,100,0,0,0,0,0,0,0,0,21829.420776367188,4096,387,3081,48,0,68198.57836914063,371.07623291015625,3286.8975219726563,16408719360,4294963200,2931904512,233472
200,1771967954564,800,800,969,1112,1137,883,800,800,800,1265,800,800,0,0,10,100,0,0,0,0,0,0,0,0,21829.569274902344,4096,387,3240,48,0,68202.28881835938,374.2257080078125,3286.8975219726563,16408719360,4294963200,2954801152,233472
200,1771967954764,800,800,969,1112,1137,883,800,800,800,1265,800,800,0,0,10,100,0,0,0,0,0,0,0,0,21829.766662597656,4096,387,3079,48,0,68205.18713378906,376.56842041015625,3286.8975219726563,16408719360,4294963200,2962862080,233472
200,1771967954964,800,800,969,1112,1137,883,800,800,800,1265,800,800,0,0,10,100,0,0,0,0,0,0,0,0,21829.9111328125,4096,387,3110,48,0,68208.81958007813,379.66668701171875,3286.8975219726563,16408719360,4294963200,2972979200,233472
200,1771967955164,800,800,969,1112,1137,883,800,800,800,1265,800,800,0,0,15.000000953674316,100,0,0,0,0,0,0,0,0,21830.099182128906,4096,387,4090,48,0,68212.71099853516,382.76885986328125,3286.8975219726563,16408719360,4294963200,3131817984,233472
200,1771967955365,800,800,969,1112,1137,883,800,800,800,1265,800,800,0,0,19.047618865966797,90.47618865966797,0,0,0,0,0,0,0,0,21830.26580810547,4096,390,6341,48,0,68216.72155761719,385.90869140625,3286.8975219726563,16408719360,4294963200,3169587200,233472
200,1771967955565,800,800,969,1112,1137,883,800,800,800,1265,800,800,0,0,10,100,4.761904716491699,0,0,0,0,0,0,0,21830.442443847656,4096,402,12812,49,0,68220.37994384766,389.02154541015625,3286.8975219726563,16408719360,4294963200,3227934720,233472
200,1771967955765,800,800,969,1112,1137,883,800,800,800,1265,800,800,0,0,5.263157844543457,95,0,0,0,0,0,0,0,0,21830.6689453125,4096,630,14812,49,8,68223.92639160156,392.0103759765625,3286.8975219726563,16408719360,4294963200,3300122624,233472
200,1771967955965,800,800,969,1112,1137,883,800,800,800,1265,800,800,0,0,5,100,0,0,0,0,0,0,0,0,21830.864990234375,4096,630,15316,49,38,68227.54113769531,395.09820556640625,3286.8975219726563,16408719360,4294963200,3547668480,233472
200,1771967956165,800,800,969,1112,1137,883,800,800,800,1265,800,800,0,0,10,100,0,0,0,0,0,0,0,0,21831.01336669922,4096,652,25940,50,72,68231.04052734375,398.0882568359375,3286.8975219726563,16408719360,4294963200,3583877120,233472
200,1771967956365,800,800,969,1112,1137,883,800,800,800,1265,800,800,0,0,5,100,0,0,0,0,0,0,0,0,21831.159790039063,4096,652,29831,50,84,68234.58575439453,401.10345458984375,3286.8975219726563,16408719360,4294963200,3607572480,233472
200,1771967956565,800,800,969,1112,1137,883,800,800,800,1265,800,800,0,0,5,100,0,0,0,0,0,0,0,0,21831.3017578125,4096,652,32531,53,85,68238.09497070313,404.10699462890625,3286.8975219726563,16408719360,4294963200,3607572480,233472
200,1771967956765,800,800,969,1112,1137,883,800,800,800,1265,800,800,0,0,10,100,0,0,0,0,0,0,0,0,21831.44073486328,4096,652,32024,53,88,68241.4730834961,406.98358154296875,3286.8975219726563,16408719360,4294963200,3607666688,233472
200,1771967956965,800,800,969,1112,1137,883,800,800,800,1265,800,800,0,0,0,100,0,0,9.523809432983398,0,0,0,0,0,21831.58221435547,4096,652,32014,53,87,68244.96697998047,409.97003173828125,3286.8975219726563,16408719360,4294963200,3622748160,233472
200,1771967957165,800,800,969,1112,1137,883,800,800,800,1265,800,800,0,0,0,100,0,0,5.263157844543457,0,0,0,0,0,21831.72265625,4096,652,31705,53,87,68248.44854736328,412.94171142578125,3286.8975219726563,16408719360,4294963200,3622748160,233472
200,1771967957365,800,800,969,1112,1137,883,800,800,800,1265,800,800,0,0,0,100,0,0,5,0,0,4.761904716491699,0,0,21831.862854003906,4096,652,32031,53,90,68251.87823486328,415.86260986328125,3286.8975219726563,16408719360,4294963200,3622748160,233472
200,1771967957565,800,800,969,1112,1137,883,800,800,800,1265,800,800,0,0,10,100,0,0,5,0,0,0,0,0,21832.005981445313,4096,652,31807,54,87,68255.49981689453,418.96728515625,3286.8975219726563,16408719360,4294963200,3607515136,233472
200,1771967957766,800,800,969,1112,1137,883,800,800,800,1265,800,800,0,0,9.523809432983398,100,0,0,0,0,0,0,0,0,21832.145629882813,4096,652,31553,54,88,68258.98266601563,421.94677734375,3286.8975219726563,16408719360,4294963200,3607515136,233472
200,1771967957966,800,800,969,1112,1137,883,800,800,800,1265,800,800,0,0,5.263157844543457,100,0,0,0,0,0,0,0,0,21832.28778076172,4096,652,32085,54,87,68262.49426269531,424.89862060546875,3286.8975219726563,16408719360,4294963200,3606978560,233472
200,1771967958166,800,800,969,1112,1137,883,800,800,800,1265,800,800,0,0,5,100,0,0,0,0,0,0,0,0,21832.42657470703,4096,652,32176,54,89,68265.95404052734,427.84808349609375,3286.8975219726563,16408719360,4294963200,3606720512,233472
200,1771967958366,800,800,969,1112,1137,883,800,800,800,1265,800,800,0,0,5,100,0,0,0,0,0,0,0,0,21832.568298339844,4096,652,32284,54,87,68269.45867919922,430.8494873046875,3286.8975219726563,16408719360,4294963200,3606720512,233472
200,1771967958566,800,800,969,1112,1137,883,800,800,800,1265,800,800,0,0,5,100,0,0,0,0,0,0,0,0,21832.708862304688,4096,654,32156,55,89,68272.92083740234,433.79998779296875,3286.8975219726563,16408719360,4294963200,3606720512,233472
200,1771967958766,800,800,969,1112,1137,883,800,800,800,1265,800,800,0,0,5.263157844543457,100,0,0,0,0,0,0,0,0,21832.84832763672,4096,654,31786,55,86,68276.3734741211,436.74627685546875,3286.8975219726563,16408719360,4294963200,3606720512,233472
200,1771967958966,800,800,969,1112,1137,883,800,800,800,1265,800,800,0,0,9.523809432983398,100,0,0,0,0,0,0,0,0,21832.989379882813,4096,654,32270,55,90,68279.85998535156,439.7218017578125,3286.8975219726563,16408719360,4294963200,3596652544,233472
200,1771967959166,800,800,969,1112,1137,883,800,800,800,1265,800,800,0,0,9.523809432983398,100,0,0,0,0,0,0,0,0,21833.1298828125,4096,674,32396,55,87,68283.35430908203,442.7052001953125,3286.8975219726563,16408719360,4294963200,3613708288,233472
200,1771967959366,800,800,969,1112,1137,883,800,800,800,1265,800,800,0,0,5.263157844543457,100,0,0,0,0,0,0,0,0,21833.268676757813,4096,674,32789,55,89,68286.71008300781,445.55242919921875,3286.8975219726563,16408719360,4294963200,3613708288,233472
200,1771967959566,800,800,969,1112,1137,883,800,800,800,1265,800,800,0,0,5,100,0,0,0,0,0,0,0,0,21833.408752441406,4096,674,32258,55,88,68290.16357421875,448.49609375,3286.8975219726563,16408719360,4294963200,3614240768,233472
200,1771967959766,800,800,969,1112,1137,883,800,800,800,1265,800,800,0,0,10,100,0,0,0,0,0,0,0,0,21833.548950195313,4096,674,32112,55,88,68293.64465332031,451.44403076171875,3286.8975219726563,16408719360,4294963200,3614457856,233472
200,1771967959966,800,800,969,1112,1137,883,800,800,800,1265,800,800,0,0,5,100,0,0,0,0,0,0,0,0,21833.688537597656,4096,674,30480,55,82,68297.17169189453,454.4638671875,3286.8975219726563,16408719360,4294963200,3614457856,233472
200,1771967960167,800,800,969,1112,1137,883,800,800,800,1265,800,800,0,0,5,100,0,0,0,0,0,0,0,0,21833.829833984375,4096,674,32238,55,88,68300.59887695313,457.38189697265625,3286.8975219726563,16408719360,4294963200,3614457856,233472
200,1771967960367,800,800,969,1112,1137,883,800,800,800,1265,800,800,0,0,5,100,0,0,0,0,0,0,0,0,21833.969177246094,4096,674,32110,55,88,68303.96612548828,460.24102783203125,3286.8975219726563,16408719360,4294963200,3614457856,233472
200,1771967960567,800,800,969,1112,1137,883,800,800,800,1265,800,800,0,0,5.263157844543457,100,0,0,0,0,0,0,0,0,21834.109375,4096,674,31851,56,88,68307.37048339844,463.1375732421875,3286.8975219726563,16408719360,4294963200,3617386496,233472
200,1771967960767,800,800,969,1112,1137,883,800,800,800,1265,800,800,0,0,9.523809432983398,100,0,0,0,0,0,0,0,0,21834.250061035156,4096,674,32703,56,89,68310.77270507813,466.02783203125,3286.8975219726563,16408719360,4294963200,3617386496,233472
200,1771967960967,800,800,969,1112,1137,883,800,800,800,1265,800,800,0,0,5,100,0,0,0,0,0,0,0,0,21834.391174316406,4096,674,31531,56,86,68314.2592163086,469.00286865234375,3286.8975219726563,16408719360,4294963200,3617554432,233472
200,1771967961167,800,800,969,1112,1137,883,800,800,800,1265,800,800,0,0,10,100,0,0,0,0,0,0,0,0,21834.531982421875,4096,674,32611,56,89,68317.75317382813,471.9881591796875,3286.8975219726563,16408719360,4294963200,3617554432,233472
200,1771967961367,800,800,969,1112,1137,883,800,800,800,1265,800,800,0,0,20,100,0,0,0,0,0,5,47.619049072265625,0,21834.694091796875,4096,674,31981,56,86,68323.08563232422,476.800537109375,3286.8975219726563,16408719360,4294963200,3629395968,233472
200,1771967961567,800,800,969,1112,1137,883,800,800,800,1265,800,800,10,0,5,100,0,0,0,0,0,0,5,0,21834.848388671875,4096,674,32048,56,89,68327.11474609375,480.28271484375,3286.8975219726563,16408719360,4294963200,3609841664,233472
200,1771967961767,800,800,969,1112,1137,883,800,800,800,1265,800,800,0,0,5.263157844543457,100,0,0,0,0,0,0,0,0,21834.988830566406,4096,674,31604,56,89,68330.529296875,483.18646240234375,3286.8975219726563,16408719360,4294963200,3609841664,233472
200,1771967961967,800,800,969,1112,1137,883,800,800,800,1265,800,800,0,0,13.636363983154297,100,0,0,0,0,0,0,0,0,21835.130981445313,4096,674,33087,56,88,68333.98266601563,486.13134765625,3286.8975219726563,16408719360,4294963200,3598606336,233472
200,1771967962167,800,800,969,1112,1137,883,800,800,800,1265,800,800,0,0,5,100,0,0,0,0,0,0,0,0,21835.272583007813,4096,674,32218,57,87,68337.49694824219,489.135009765625,3286.8975219726563,16408719360,4294963200,3606605824,233472
200,1771967962367,800,800,969,1112,1137,883,800,800,800,1265,800,800,0,0,5.263157844543457,100,0,0,0,0,0,0,0,0,21835.412231445313,4096,674,30777,57,86,68341.0693359375,492.196044921875,3286.8975219726563,16408719360,4294963200,3606601728,233472
200,1771967962568,800,800,969,1112,1137,883,800,800,800,1265,800,800,0,0,5,100,0,0,0,0,0,0,0,0,21835.553649902344,4096,674,32471,57,87,68344.56103515625,495.181640625,3286.8975219726563,16408719360,4294963200,3606601728,233472
200,1771967962768,800,800,969,1112,1137,883,800,800,800,1265,800,800,0,0,5,100,0,0,0,0,0,0,0,0,21835.69305419922,4096,674,32560,57,90,68348.04498291016,498.14654541015625,3286.8975219726563,16408719360,4294963200,3606601728,233472
200,1771967962968,800,800,969,1112,1137,883,800,800,800,1265,800,800,0,0,5.263157844543457,100,0,0,0,0,0,0,0,0,21835.83221435547,4096,674,32712,57,88,68351.59991455078,501.19061279296875,3286.8975219726563,16408719360,4294963200,3606601728,233472
200,1771967963168,800,800,969,1112,1137,883,800,800,800,1265,800,800,0,0,13.636363983154297,100,0,0,0,0,0,0,0,0,21835.974182128906,4096,674,32473,57,88,68355.15759277344,504.2081298828125,3286.8975219726563,16408719360,4294963200,3606601728,233472
200,1771967963368,800,800,969,1112,1137,883,800,800,800,1265,800,800,0,0,5.263157844543457,100,0,0,0,0,0,0,0,0,21836.112915039063,4096,674,32716,57,87,68358.72241210938,507.237060546875,3286.8975219726563,16408719360,4294963200,3606601728,233472
200,1771967963568,800,800,969,1112,1137,883,800,800,800,1265,800,800,0,0,5,100,0,0,0,0,0,0,0,0,21836.254272460938,4096,674,32602,57,90,68362.3140258789,510.3165283203125,3286.8975219726563,16408719360,4294963200,3606601728,233472
200,1771967963768,800,800,969,1112,1137,883,800,800,800,1265,800,800,0,0,5,100,0,0,0,0,0,0,0,0,21836.394287109375,4096,674,32230,57,88,68365.9048461914,513.3958740234375,3286.8975219726563,16408719360,4294963200,3606601728,233472
200,1771967963968,800,800,969,1112,1137,883,800,800,800,1265,800,800,0,0,5,100,0,0,0,0,0,0,0,0,21836.53485107422,4096,674,33014,57,88,68369.48425292969,516.4664306640625,3286.8975219726563,16408719360,4294963200,3606601728,233472
200,1771967964168,800,800,969,1112,1137,883,800,800,800,1265,800,800,0,0,10,100,0,0,0,0,0,0,0,0,21836.673461914063,4096,674,32150,57,90,68373.005859375,519.4766845703125,3286.8975219726563,16408719360,4294963200,3606601728,233472
200,1771967964368,800,800,969,1112,1137,883,800,800,800,1265,800,800,0,0,5,100,0,0,0,0,0,0,0,0,21836.813842773438,4096,674,32233,57,87,68376.5341796875,522.4933471679688,3286.8975219726563,16408719360,4294963200,3606601728,233472
200,1771967964568,800,800,969,1112,1137,883,800,800,800,1265,800,800,0,0,5,100,0,0,0,0,0,0,0,0,21836.953979492188,4096,674,31938,58,88,68380.05865478516,525.5050659179688,3286.8975219726563,16408719360,4294963200,3610595328,233472
200,1771967964768,800,800,969,1112,1137,883,800,800,800,1265,800,800,0,0,5.263157844543457,100,0,0,0,0,0,0,0,0,21837.093383789063,4096,674,31720,58,87,68383.55920410156,528.4918823242188,3286.8975219726563,16408719360,4294963200,3610730496,233472
200,1771967964969,800,800,969,1112,1137,883,800,800,800,1265,800,800,0,0,5,100,0,0,0,0,0,0,0,0,21837.235290527344,4096,674,33140,58,88,68387.20532226563,531.624267578125,3286.8975219726563,16408719360,4294963200,3602472960,233472
200,1771967965169,800,800,969,1112,1137,883,800,800,800,1265,800,800,0,0,9.523809432983398,100,0,0,0,0,0,0,0,0,21837.3759765625,4096,674,32427,58,89,68390.6996459961,534.602294921875,3286.8975219726563,16408719360,4294963200,3610472448,233472
200,1771967965369,800,800,969,1112,1137,883,800,800,800,1265,800,800,0,0,5.263157844543457,100,0,0,0,0,0,0,0,0,21837.51544189453,4096,674,32875,58,87,68394.17791748047,537.5492553710938,3286.8975219726563,16408719360,4294963200,3610472448,233472
200,1771967965569,800,800,969,1112,1137,883,800,800,800,1265,800,800,0,0,9.523809432983398,100,0,0,0,0,0,0,0,0,21837.656311035156,4096,674,33435,58,89,68397.69055175781,540.5484619140625,3286.8975219726563,16408719360,4294963200,3610472448,233472
200,1771967965769,800,800,969,1112,1137,883,800,800,800,1265,800,800,0,0,5,100,0,0,0,0,0,0,0,0,21837.797424316406,4096,674,32357,58,88,68401.13287353516,543.4810180664063,3286.8975219726563,16408719360,4294963200,3610472448,233472
200,1771967965969,800,800,969,1112,1137,883,800,800,800,1265,800,800,0,0,10,100,0,0,0,0,0,0,0,0,21837.93634033203,4096,674,32790,58,87,68404.58850097656,546.4239501953125,3286.8975219726563,16408719360,4294963200,3610468352,233472
200,1771967966169,800,800,969,1112,1137,883,800,800,800,1265,800,800,0,0,0,100,0,0,0,0,0,0,0,0,21838.07794189453,4096,674,32144,58,91,68408.08056640625,549.3992309570313,3286.8975219726563,16408719360,4294963200,3610468352,233472
200,1771967966369,800,800,969,1112,1137,883,800,800,800,1265,800,800,0,0,5,100,0,0,0,0,0,0,0,0,21838.216796875,4096,674,32849,58,87,68411.53295898438,552.3397827148438,3286.8975219726563,16408719360,4294963200,3610468352,233472
200,1771967966569,800,800,969,1112,1137,883,800,800,800,1265,800,800,0,0,10,100,0,0,0,0,0,0,0,0,21838.35821533203,4096,674,31930,59,89,68415.06164550781,555.35791015625,3286.8975219726563,16408719360,4294963200,3610468352,233472
200,1771967966769,800,800,969,1112,1137,883,800,800,800,1265,800,800,0,0,9.523809432983398,100,0,0,0,0,0,0,0,0,21838.499755859375,4096,674,32598,59,88,68418.56158447266,558.3403930664063,3286.8975219726563,16408719360,4294963200,3610468352,233472
200,1771967966969,800,800,969,1112,1137,883,800,800,800,1265,800,800,0,0,5.263157844543457,100,0,0,0,0,0,0,0,0,21838.63946533203,4096,674,32557,59,89,68421.9974975586,561.2405395507813,3286.8975219726563,16408719360,4294963200,3610468352,233472
200,1771967967169,800,800,969,1112,1137,883,800,800,800,1265,800,800,0,0,9.523809432983398,100,0,0,0,0,0,0,0,0,21838.78076171875,4096,674,32425,59,87,68425.5498046875,564.2803955078125,3286.8975219726563,16408719360,4294963200,3610468352,233472
200,1771967967369,800,800,969,1112,1137,883,800,800,800,1265,800,800,0,0,5,100,0,0,0,0,0,0,0,0,21838.921630859375,4096,674,31774,59,89,68429.19213867188,567.4076538085938,3286.8975219726563,16408719360,4294963200,3610468352,233472
200,1771967967570,800,800,969,1112,1137,883,800,800,800,1265,800,800,0,0,5,100,0,0,0,0,0,0,0,0,21839.06072998047,4096,674,32824,59,89,68432.73358154297,570.4415893554688,3286.8975219726563,16408719360,4294963200,3610468352,233472
200,1771967967770,800,800,969,1112,1137,883,800,800,800,1265,800,800,0,0,5.263157844543457,100,0,0,0,0,0,0,0,0,21839.202880859375,4096,674,31293,59,87,68436.3412475586,573.53564453125,3286.8975219726563,16408719360,4294963200,3610468352,233472
200,1771967967970,800,800,969,1112,1137,883,800,800,800,1265,800,800,0,0,5,100,0,0,0,0,0,0,0,0,21839.342163085938,4096,674,32499,59,85,68439.89892578125,576.5684814453125,3286.8975219726563,16408719360,4294963200,3609288704,233472
200,1771967968170,800,800,969,1112,1137,883,800,800,800,1265,800,800,0,0,5,100,0,0,0,0,0,0,0,0,21839.482971191406,4096,674,32597,59,88,68443.39910888672,579.5425415039063,3286.8975219726563,16408719360,4294963200,3601031168,233472
200,1771967968370,800,800,969,1112,1137,883,800,800,800,1265,800,800,0,0,10,100,0,0,0,0,0,0,0,0,21839.622802734375,4096,674,32460,59,89,68447.00500488281,582.60791015625,3286.8975219726563,16408719360,4294963200,3617288192,233472
200,1771967968570,800,800,969,1112,1137,883,800,800,800,1265,800,800,0,0,5.263157844543457,100,0,0,0,0,0,0,0,0,21839.762145996094,4096,674,32875,59,88,68450.50634765625,585.5925903320313,3286.8975219726563,16408719360,4294963200,3617288192,233472
200,1771967968770,800,800,969,1112,1137,883,800,800,800,1265,800,800,0,0,9.523809432983398,100,0,0,0,0,0,0,0,0,21839.902099609375,4096,674,32145,59,87,68454.04791259766,588.6011352539063,3286.8975219726563,16408719360,4294963200,3617288192,233472
200,1771967968970,800,800,969,1112,1137,883,800,800,800,1265,800,800,0,0,9.523809432983398,100,0,0,0,0,0,0,0,0,21840.042419433594,4096,674,33072,59,90,68457.54357910156,591.5844116210938,3286.8975219726563,16408719360,4294963200,3615948800,233472
200,1771967969170,800,800,969,1112,1137,883,800,800,800,1265,800,800,0,0,5,100,0,0,0,0,0,0,0,0,21840.18341064453,4096,674,32183,60,89,68461.0366821289,594.566650390625,3286.8975219726563,16408719360,4294963200,3615948800,233472
200,1771967969370,800,800,969,1112,1137,883,800,800,800,1265,800,800,0,0,5.263157844543457,100,0,0,0,0,0,0,0,0,21840.322631835938,4096,674,33006,60,87,68464.47338867188,597.4903564453125,3286.8975219726563,16408719360,4294963200,3615944704,233472
200,1771967969570,800,800,969,1112,1137,883,800,800,800,1265,800,800,0,0,5,100,0,0,0,0,0,0,0,0,21840.462158203125,4096,674,31843,60,89,68467.916015625,600.4199829101563,3286.8975219726563,16408719360,4294963200,3615944704,233472
200,1771967969770,800,800,969,1112,1137,883,800,800,800,1265,800,800,0,0,9.523809432983398,100,0,0,0,0,0,0,0,0,21840.60284423828,4096,674,32653,60,88,68471.40423583984,603.3919677734375,3286.8975219726563,16408719360,4294963200,3615944704,233472
200,1771967969971,800,800,969,1112,1137,883,800,800,800,1265,800,800,0,0,5.263157844543457,100,0,0,0,0,0,0,0,0,21840.74169921875,4096,674,32732,60,88,68474.90838623047,606.3853759765625,3286.8975219726563,16408719360,4294963200,3614769152,233472
200,1771967970171,800,800,969,1112,1137,883,800,800,800,1265,800,800,0,0,9.523809432983398,100,0,0,0,0,0,0,0,0,21840.882385253906,4096,674,32104,60,87,68478.4370727539,609.3976440429688,3286.8975219726563,16408719360,4294963200,3614769152,233472
200,1771967970371,800,800,969,1112,1137,883,800,800,800,1265,800,800,0,0,5,100,0,0,0,0,0,0,0,0,21841.022583007813,4096,674,32573,60,89,68481.94409179688,612.3942260742188,3286.8975219726563,16408719360,4294963200,3614769152,233472
200,1771967970571,800,800,969,1112,1137,883,800,800,800,1265,800,800,0,0,5.263157844543457,100,0,0,0,0,0,0,0,0,21841.163513183594,4096,674,32933,60,87,68485.42626953125,615.3377685546875,3286.8975219726563,16408719360,4294963200,3614769152,233472
200,1771967970771,800,800,969,1112,1137,883,800,800,800,1265,800,800,0,0,5,100,0,0,0,0,0,0,0,0,21841.302124023438,4096,674,32678,60,91,68488.87615966797,618.2760620117188,3286.8975219726563,16408719360,4294963200,3614769152,233472
200,1771967970971,800,800,969,1112,1137,883,800,800,800,1265,800,800,0,0,5,100,0,0,0,0,0,0,0,0,21841.443481445313,4096,674,32401,60,87,68492.41979980469,621.30712890625,3286.8975219726563,16408719360,4294963200,3605483520,233472
200,1771967971171,800,800,969,1112,1137,883,800,800,800,1265,800,800,0,0,10,100,0,0,0,0,0,0,0,0,21841.581970214844,4096,674,32555,60,89,68495.87036132813,624.2452392578125,3286.8975219726563,16408719360,4294963200,3613483008,233472
200,1771967971371,800,800,969,1112,1137,883,800,800,800,1265,800,800,0,0,5,100,0,0,0,0,0,0,0,0,21841.723754882813,4096,674,32631,60,82,68499.4702758789,627.3307495117188,3286.8975219726563,16408719360,4294963200,3613483008,233472
200,1771967971571,800,800,969,1112,1137,883,800,800,800,1265,800,800,0,0,5,100,0,0,0,0,0,0,0,0,21841.86407470703,4096,674,32372,60,90,68503.02795410156,630.3712158203125,3286.8975219726563,16408719360,4294963200,3613483008,233472
200,1771967971771,800,800,969,1112,1137,883,800,800,800,1265,800,800,0,0,10,100,0,0,0,0,0,0,0,0,21842.005126953125,4096,674,31689,60,87,68506.51104736328,633.341796875,3286.8975219726563,16408719360,4294963200,3613483008,233472
200,1771967971971,800,800,969,1112,1137,883,800,800,800,1265,800,800,0,0,5,100,0,0,0,0,0,0,0,0,21842.145080566406,4096,674,32530,60,87,68510.02172851563,636.3383178710938,3286.8975219726563,16408719360,4294963200,3612758016,233472
200,1771967972171,800,800,969,1112,1137,883,800,800,800,1265,800,800,0,0,5,100,0,0,0,0,0,0,0,0,21842.28594970703,4096,674,33122,60,88,68513.5394897461,639.3387451171875,3286.8975219726563,16408719360,4294963200,3612758016,233472
200,1771967972371,800,800,969,1112,1137,883,800,800,800,1265,800,800,0,0,10,100,0,0,0,0,0,0,0,0,21842.42510986328,4096,674,32182,60,89,68517.00091552734,642.2650146484375,3286.8975219726563,16408719360,4294963200,3612758016,233472
200,1771967972572,800,800,969,1112,1137,883,800,800,800,1265,800,800,0,0,5,100,0,0,0,0,0,0,0,0,21842.565063476563,4096,674,32223,60,89,68520.51489257813,645.2632446289063,3286.8975219726563,16408719360,4294963200,3612758016,233472
200,1771967972772,800,800,969,1112,1137,883,800,800,800,1265,800,800,0,0,9.523809432983398,100,0,0,0,0,0,0,0,0,21842.7060546875,4096,674,33076,60,87,68524.00817871094,648.2462768554688,3286.8975219726563,16408719360,4294963200,3612753920,233472
200,1771967972972,800,800,969,1112,1137,883,800,800,800,1265,800,800,0,0,5.263157844543457,100,0,0,0,0,0,0,0,0,21842.84490966797,4096,674,32776,60,89,68527.47003173828,651.1946411132813,3286.8975219726563,16408719360,4294963200,3604496384,233472
200,1771967973172,800,800,969,1112,1137,883,800,800,800,1265,800,800,0,0,9.523809432983398,100,0,0,0,0,0,0,0,0,21842.986267089844,4096,674,32431,61,88,68530.99475097656,654.2028198242188,3286.8975219726563,16408719360,4294963200,3612495872,233472
200,1771967973372,800,800,969,1112,1137,883,800,800,800,1265,800,800,0,0,5,100,0,0,0,0,0,0,0,0,21843.125,4096,674,32255,61,88,68534.38415527344,657.0781860351563,3286.8975219726563,16408719360,4294963200,3612495872,233472
200,1771967973572,800,800,969,1112,1137,883,800,800,800,1265,800,800,0,0,5.263157844543457,100,0,0,0,0,0,0,0,0,21843.26483154297,4096,674,32961,61,87,68537.90966796875,660.063232421875,3286.8975219726563,16408719360,4294963200,3612495872,233472
200,1771967973772,800,800,969,1112,1137,883,800,800,800,1265,800,800,0,0,5,100,0,0,0,0,0,0,0,0,21843.4052734375,4096,674,32561,61,89,68541.4536743164,663.0907592773438,3286.8975219726563,16408719360,4294963200,3612495872,233472
200,1771967973972,800,800,969,1112,1137,883,800,800,800,1265,800,800,0,0,5,100,0,0,0,0,0,0,0,0,21843.545837402344,4096,674,33190,61,86,68544.96154785156,666.0834350585938,3286.8975219726563,16408719360,4294963200,3612495872,233472
200,1771967974172,800,800,969,1112,1137,883,800,800,800,1265,800,800,0,0,5.263157844543457,100,0,0,0,0,0,0,0,0,21843.68701171875,4096,674,32408,61,90,68548.50390625,669.0858154296875,3286.8975219726563,16408719360,4294963200,3612495872,233472
200,1771967974372,800,800,969,1112,1137,883,800,800,800,1265,800,800,0,0,13.636363983154297,100,0,0,0,0,0,0,0,0,21843.82550048828,4096,674,32885,61,89,68552.00451660156,672.0765380859375,3286.8975219726563,16408719360,4294963200,3612495872,233472
200,1771967974572,800,800,969,1112,1137,883,800,800,800,1265,800,800,0,0,5,100,0,0,0,0,0,0,0,0,21843.965576171875,4096,674,32536,61,88,68555.47338867188,675.0321655273438,3286.8975219726563,16408719360,4294963200,3612241920,233472
200,1771967974772,800,800,969,1112,1137,883,800,800,800,1265,800,800,0,0,10,100,0,0,0,0,0,0,0,0,21844.105529785156,4096,674,32831,61,90,68558.98974609375,678.0326538085938,3286.8975219726563,16408719360,4294963200,3612241920,233472
200,1771967974973,800,800,969,1112,1137,883,800,800,800,1265,800,800,0,0,5,100,0,0,0,0,0,0,0,0,21844.24365234375,4096,674,32079,61,87,68562.45886230469,680.9874267578125,3286.8975219726563,16408719360,4294963200,3603984384,233472
200,1771967975173,800,800,969,1112,1137,883,800,800,800,1265,800,800,0,0,5.263157844543457,100,0,0,0,0,0,0,0,0,21844.385498046875,4096,674,32819,61,90,68565.92565917969,683.9389038085938,3286.8975219726563,16408719360,4294963200,3611983872,233472
200,1771967975373,800,800,969,1112,1137,883,800,800,800,1265,800,800,0,0,5,100,0,0,0,0,0,0,0,0,21844.52490234375,4096,674,32024,61,87,68569.32391357422,686.8179931640625,3286.8975219726563,16408719360,4294963200,3611983872,233472
200,1771967975573,800,800,969,1112,1137,883,800,800,800,1265,800,800,0,0,9.523809432983398,100,0,0,0,0,0,0,0,0,21844.663940429688,4096,674,32287,61,89,68572.81744384766,689.7979736328125,3286.8975219726563,16408719360,4294963200,3611983872,233472
200,1771967975773,800,800,969,1112,1137,883,800,800,800,1265,800,800,0,0,5.263157844543457,100,0,0,0,0,0,0,0,0,21844.80419921875,4096,674,32986,61,89,68576.32946777344,692.79296875,3286.8975219726563,16408719360,4294963200,3611983872,233472
200,1771967975973,800,800,969,1112,1137,883,800,800,800,1265,800,800,0,0,9.523809432983398,100,0,0,0,0,0,0,0,0,21844.945434570313,4096,674,31850,61,86,68579.89129638672,695.8394165039063,3286.8975219726563,16408719360,4294963200,3611983872,233472
200,1771967976173,800,800,969,1112,1137,883,800,800,800,1265,800,800,0,0,5.263157844543457,100,0,0,0,0,0,0,0,0,21845.0849609375,4096,674,32774,61,90,68583.39666748047,698.8041381835938,3286.8975219726563,16408719360,4294963200,3611979776,233472
200,1771967976373,800,800,969,1112,1137,883,800,800,800,1265,800,800,0,0,5,100,0,0,0,0,0,0,0,0,21845.2255859375,4096,674,32460,61,89,68586.80828857422,701.7052612304688,3286.8975219726563,16408719360,4294963200,3611979776,233472
200,1771967976573,800,800,969,1112,1137,883,800,800,800,1265,800,800,0,0,5,100,0,0,0,0,0,0,0,0,21845.365173339844,4096,674,32335,61,89,68590.3173828125,704.6968383789063,3286.8975219726563,16408719360,4294963200,3611979776,233472
200,1771967976773,800,800,969,1112,1137,883,800,800,800,1265,800,800,0,0,5,100,0,0,0,0,0,0,0,0,21845.505310058594,4096,674,32828,61,88,68593.88110351563,707.7468872070313,3286.8975219726563,16408719360,4294963200,3611979776,233472
200,1771967976973,800,800,969,1112,1137,883,800,800,800,1265,800,800,0,0,5.263157844543457,100,0,0,0,0,0,0,0,0,21845.64483642578,4096,674,32780,61,89,68597.36828613281,710.7192993164063,3286.8975219726563,16408719360,4294963200,3611811840,233472
200,1771967977173,800,800,969,1112,1137,883,800,800,800,1265,800,800,0,0,13.636363983154297,100,0,0,0,0,0,0,0,0,21845.786071777344,4096,674,32646,62,89,68600.89929199219,713.7335205078125,3286.8975219726563,16408719360,4294963200,3610701824,233472
200,1771967977374,800,800,969,1112,1137,883,800,800,800,1265,800,800,0,0,5.263157844543457,100,0,0,0,0,0,0,0,0,21845.924865722656,4096,674,32800,62,87,68604.40142822266,716.7184448242188,3286.8975219726563,16408719360,4294963200,3610701824,233472
200,1771967977574,800,800,969,1112,1137,883,800,800,800,1265,800,800,0,0,5,100,0,0,0,0,0,0,0,0,21846.06671142578,4096,674,32859,62,88,68607.8998413086,719.70068359375,3286.8975219726563,16408719360,4294963200,3618955264,233472
200,1771967977774,800,800,969,1112,1137,883,800,800,800,1265,800,800,0,0,10,100,0,0,0,0,0,0,0,0,21846.208740234375,4096,674,32401,62,90,68611.45422363281,722.7136840820313,3286.8975219726563,16408719360,4294963200,3618959360,233472
200,1771967977974,800,800,969,1112,1137,883,800,800,800,1265,800,800,0,0,5,100,0,0,0,0,0,0,0,0,21846.348022460938,4096,674,32741,62,88,68614.94537353516,725.691162109375,3286.8975219726563,16408719360,4294963200,3608793088,233472
200,1771967978174,800,800,969,1112,1137,883,800,800,800,1265,800,800,0,0,5,100,0,0,0,0,0,0,0,0,21846.487365722656,4096,674,32918,62,88,68618.43225097656,728.6622314453125,3286.8975219726563,16408719360,4294963200,3612663808,233472
200,1771967978374,800,800,969,1112,1137,883,800,800,800,1265,800,800,0,0,5,100,0,0,0,0,0,0,0,0,21846.6279296875,4096,674,32462,62,89,68621.86999511719,731.585693359375,3286.8975219726563,16408719360,4294963200,3612663808,233472
200,1771967978574,800,800,969,1112,1137,883,800,800,800,1265,800,800,0,0,10,100,0,0,0,0,0,0,0,0,21846.768005371094,4096,674,33454,62,90,68625.31457519531,734.5132446289063,3286.8975219726563,16408719360,4294963200,3612663808,233472
200,1771967978774,800,800,969,1112,1137,883,800,800,800,1265,800,800,0,0,9.523809432983398,100,0,0,0,0,0,0,0,0,21846.908813476563,4096,674,33049,62,89,68628.81945800781,737.47412109375,3286.8975219726563,16408719360,4294963200,3611869184,233472
200,1771967978974,800,800,969,1112,1137,883,800,800,800,1265,800,800,0,0,5.263157844543457,100,0,0,0,0,0,0,0,0,21847.05047607422,4096,674,32495,62,87,68632.35668945313,740.4918212890625,3286.8975219726563,16408719360,4294963200,3611869184,233472
200,1771967979174,800,800,969,1112,1137,883,800,800,800,1265,800,800,0,0,5,100,0,0,0,0,0,0,0,0,21847.18927001953,4096,674,32670,62,89,68635.81005859375,743.4309692382813,3286.8975219726563,16408719360,4294963200,3611869184,233472
200,1771967979374,800,800,969,1112,1137,883,800,800,800,1265,800,800,0,0,5,100,0,0,0,0,0,0,0,0,21847.328735351563,4096,674,33142,62,89,68639.2700805664,746.3760375976563,3286.8975219726563,16408719360,4294963200,3611869184,233472
200,1771967979574,800,800,969,1112,1137,883,800,800,800,1265,800,800,0,0,10,100,0,0,0,0,0,0,0,0,21847.468322753906,4096,674,32609,62,89,68642.76763916016,749.3336791992188,3286.8975219726563,16408719360,4294963200,3611869184,233472
200,1771967979774,800,800,969,1112,1137,883,800,800,800,1265,800,800,0,0,9.523809432983398,100,0,0,0,0,0,0,0,0,21847.609802246094,4096,674,32559,62,88,68646.27960205078,752.3328247070313,3286.8975219726563,16408719360,4294963200,3611865088,233472
200,1771967979975,800,800,969,1112,1137,883,800,800,800,1265,800,800,0,0,5,100,0,0,0,0,0,0,0,0,21847.748657226563,4096,674,32727,62,89,68649.78601074219,755.3225708007813,3286.8975219726563,16408719360,4294963200,3611865088,233472
200,1771967980175,800,800,969,1112,1137,883,800,800,800,1265,800,800,0,4.761904716491699,5.263157844543457,100,0,0,0,0,0,0,0,0,21847.88916015625,4096,674,32723,62,89,68653.36865234375,758.3865966796875,3286.8975219726563,16408719360,4294963200,3611865088,233472
200,1771967980375,800,800,969,1112,1137,883,800,800,800,1265,800,800,0,0,5,100,0,0,0,0,0,0,0,0,21848.030639648438,4096,674,33448,62,88,68656.9204711914,761.4179077148438,3286.8975219726563,16408719360,4294963200,3611865088,233472
200,1771967980575,800,800,969,1112,1137,883,800,800,800,1265,800,800,0,0,10,100,0,0,0,0,0,0,0,0,21848.1689453125,4096,674,32545,62,89,68660.43432617188,764.4152221679688,3286.8975219726563,16408719360,4294963200,3611865088,233472
200,1771967980775,800,800,969,1112,1137,883,800,800,800,1265,800,800,0,0,5,100,0,0,0,0,0,0,0,0,21848.31005859375,4096,674,33561,62,87,68663.97741699219,767.4398193359375,3286.8975219726563,16408719360,4294963200,3611865088,233472
200,1771967980975,800,800,969,1112,1137,883,800,800,800,1265,800,800,0,0,5,100,0,0,0,0,0,0,0,0,21848.44940185547,4096,674,32385,62,89,68667.46105957031,770.406005859375,3286.8975219726563,16408719360,4294963200,3611496448,233472
200,1771967981175,800,800,969,1112,1137,883,800,800,800,1265,800,800,0,0,5.263157844543457,100,0,0,0,0,0,0,0,0,21848.59112548828,4096,674,33176,62,88,68671.00958251953,773.4134521484375,3286.8975219726563,16408719360,4294963200,3611496448,233472
200,1771967981375,800,800,969,1112,1137,883,800,800,800,1265,800,800,0,0,9.523809432983398,100,0,0,0,0,0,0,0,0,21848.730529785156,4096,674,32138,62,90,68674.51354980469,776.4013061523438,3286.8975219726563,16408719360,4294963200,3611496448,233472
200,1771967981575,800,800,969,1112,1137,883,800,800,800,1265,800,800,0,0,9.523809432983398,100,0,0,0,0,0,0,0,0,21848.871215820313,4096,674,32637,62,88,68677.97686767578,779.349609375,3286.8975219726563,16408719360,4294963200,3611496448,233472
200,1771967981775,800,800,969,1112,1137,883,800,800,800,1265,800,800,0,0,5.263157844543457,100,0,0,0,0,0,0,0,0,21849.010192871094,4096,674,32099,62,88,68681.4955444336,782.3518676757813,3286.8975219726563,16408719360,4294963200,3610697728,233472
200,1771967981975,800,800,969,1112,1137,883,800,800,800,1265,800,800,0,0,5,100,0,0,0,0,0,0,0,0,21849.149291992188,4096,674,33032,62,88,68684.95611572266,785.298095703125,3286.8975219726563,16408719360,4294963200,3602440192,233472
200,1771967982175,800,800,969,1112,1137,883,800,800,800,1265,800,800,0,0,5,100,0,0,0,0,0,0,0,0,21849.28985595703,4096,674,31731,62,90,68688.4906616211,788.3135375976563,3286.8975219726563,16408719360,4294963200,3610439680,233472
200,1771967982376,800,800,969,1112,1137,883,800,800,800,1265,800,800,0,0,10,100,4.761904716491699,0,0,0,0,0,0,0,21849.430603027344,4096,674,32975,62,88,68691.99475097656,791.2980346679688,3286.8975219726563,16408719360,4294963200,3610439680,233472
200,1771967982576,800,800,969,1112,1137,883,800,800,800,1265,800,800,0,0,5,100,0,0,0,0,0,0,0,0,21849.569580078125,4096,674,32894,62,87,68695.51477050781,794.2987060546875,3286.8975219726563,16408719360,4294963200,3610439680,233472
200,1771967982776,800,800,969,1112,1137,883,800,800,800,1265,800,800,0,0,10,100,0,0,0,0,0,0,0,0,21849.709594726563,4096,674,32585,62,90,68699.02038574219,797.2897338867188,3286.8975219726563,16408719360,4294963200,3610439680,233472
200,1771967982976,800,800,969,1112,1137,883,800,800,800,1265,800,800,0,0,5,100,0,0,0,0,0,0,0,0,21849.849060058594,4096,674,31891,62,86,68702.5087890625,800.258056640625,3286.8975219726563,16408719360,4294963200,3609149440,233472
200,1771967983176,800,800,969,1112,1137,883,800,800,800,1265,800,800,0,0,5,100,0,0,0,0,0,0,0,0,21849.990600585938,4096,674,33401,62,88,68705.9965209961,803.20361328125,3286.8975219726563,16408719360,4294963200,3609145344,233472
200,1771967983376,800,800,969,1112,1137,883,800,800,800,1265,800,800,0,0,10,100,0,0,0,0,0,0,0,0,21850.132080078125,4096,674,32179,62,88,68709.50103759766,806.1940307617188,3286.8975219726563,16408719360,4294963200,3609145344,233472
200,1771967983576,800,800,969,1112,1137,883,800,800,800,1265,800,800,0,0,5,100,0,0,0,0,0,0,0,0,21850.271545410156,4096,674,32477,62,89,68713.0044555664,809.17919921875,3286.8975219726563,16408719360,4294963200,3609145344,233472
200,1771967983776,800,800,969,1112,1137,883,800,800,800,1265,800,800,0,0,10,100,0,0,0,0,0,0,0,0,21850.411376953125,4096,674,32695,62,90,68716.53576660156,812.1930541992188,3286.8975219726563,16408719360,4294963200,3608313856,233472
200,1771967983976,800,800,969,1112,1137,883,800,800,800,1265,800,800,0,0,5,100,0,0,0,0,0,0,0,0,21850.55078125,4096,674,32472,62,89,68720.09442138672,815.1959838867188,3286.8975219726563,16408719360,4294963200,3608313856,233472
199,1771967984176,800,800,969,1112,1137,883,800,800,800,1265,800,800,0,0,9.523809432983398,100,0,0,0,0,0,0,0,0,21850.690063476563,4096,674,33209,62,90,68723.60321044922,818.1880493164063,3286.8975219726563,16408719360,4294963200,3608313856,233472
200,1771967984376,800,800,969,1112,1137,883,800,800,800,1265,800,800,0,0,5.263157844543457,100,0,0,0,0,0,0,0,0,21850.830444335938,4096,674,32492,62,88,68727.12023925781,821.1646118164063,3286.8975219726563,16408719360,4294963200,3608305664,233472
200,1771967984576,800,800,969,1112,1137,883,800,800,800,1265,800,800,0,0,5,100,0,0,0,0,0,0,0,0,21850.9716796875,4096,674,32731,62,89,68730.59704589844,824.1220703125,3286.8975219726563,16408719360,4294963200,3608305664,233472
200,1771967984777,800,800,969,1112,1137,883,800,800,800,1265,800,800,0,0,5,100,0,0,0,0,0,0,0,0,21851.11279296875,4096,676,31133,62,89,68734.18627929688,827.1927490234375,3286.8975219726563,16408719360,4294963200,3607257088,233472
200,1771967984977,800,800,969,1112,1137,883,800,800,800,1265,800,800,0,0,5.263157844543457,100,0,0,0,0,0,0,0,0,21851.252075195313,4096,676,33167,62,79,68737.70678710938,830.1710205078125,3286.8975219726563,16408719360,4294963200,3597832192,233472
200,1771967985177,800,800,969,1112,1137,883,800,800,800,1265,800,800,0,0,13.636363983154297,100,0,0,0,0,0,0,0,0,21851.392456054688,4096,676,32847,62,89,68741.18286132813,833.1304321289063,3286.8975219726563,16408719360,4294963200,3614347264,233472
200,1771967985377,800,800,969,1112,1137,883,800,800,800,1265,800,800,0,0,5.263157844543457,100,0,0,0,0,0,0,0,0,21851.53271484375,4096,676,33682,62,89,68744.71252441406,836.142822265625,3286.8975219726563,16408719360,4294963200,3614347264,233472
200,1771967985577,800,800,969,1112,1137,883,800,800,800,1265,800,800,0,0,5,100,0,0,0,0,0,0,0,0,21851.671813964844,4096,676,32816,63,89,68748.2222290039,839.1351928710938,3286.8975219726563,16408719360,4294963200,3615145984,233472
199,1771967985777,800,800,969,1112,1137,883,800,800,800,1265,800,800,0,0,5,100,0,0,0,0,0,0,0,0,21851.812866210938,4096,676,33043,63,89,68751.74194335938,842.1361694335938,3286.8975219726563,16408719360,4294963200,3615174656,233472
200,1771967985977,800,800,969,1112,1137,883,800,800,800,1265,800,800,0,0,5.263157844543457,100,0,0,0,0,0,0,0,0,21851.952758789063,4096,676,31920,63,88,68755.21813964844,845.0923461914063,3286.8975219726563,16408719360,4294963200,3615174656,233472
200,1771967986177,800,800,969,1112,1137,883,800,800,800,1265,800,800,0,0,5,100,0,0,0,0,0,0,0,0,21852.093688964844,4096,676,33009,63,90,68758.74267578125,848.099365234375,3286.8975219726563,16408719360,4294963200,3615174656,233472
200,1771967986377,800,800,969,1112,1137,883,800,800,800,1265,800,800,0,0,13.636363983154297,100,0,0,0,0,0,0,0,0,21852.2353515625,4096,676,32551,63,88,68762.25170898438,851.086669921875,3286.8975219726563,16408719360,4294963200,3615174656,233472
200,1771967986577,800,800,969,1112,1137,883,800,800,800,1265,800,800,0,0,5.263157844543457,100,0,0,0,0,0,0,0,0,21852.376342773438,4096,676,32850,63,89,68765.79095458984,854.0853881835938,3286.8975219726563,16408719360,4294963200,3615170560,233472
200,1771967986777,800,800,969,1112,1137,883,800,800,800,1265,800,800,0,0,5,100,0,0,0,0,0,0,0,0,21852.515991210938,4096,676,33279,63,89,68769.30822753906,857.080810546875,3286.8975219726563,16408719360,4294963200,3615170560,233472
200,1771967986977,800,800,969,1112,1137,883,800,800,800,1265,800,800,0,0,5.263157844543457,100,0,0,0,0,0,0,0,0,21852.656005859375,4096,676,32488,63,88,68772.69958496094,859.9555053710938,3286.8975219726563,16408719360,4294963200,3615170560,233472
200,1771967987177,800,800,969,1112,1137,883,800,800,800,1265,800,800,0,0,5,100,0,0,0,0,0,0,0,0,21852.796997070313,4096,676,33037,63,90,68776.17590332031,862.9143676757813,3286.8975219726563,16408719360,4294963200,3615170560,233472
200,1771967987378,800,800,969,1112,1137,883,800,800,800,1265,800,800,0,0,9.523809432983398,100,0,0,0,0,0,0,0,0,21852.936401367188,4096,676,33168,63,88,68779.64819335938,865.869384765625,3286.8975219726563,16408719360,4294963200,3615170560,233472
200,1771967987578,800,800,969,1112,1137,883,800,800,800,1265,800,800,0,0,5.263157844543457,100,0,0,0,0,0,0,0,0,21853.07733154297,4096,676,32774,63,90,68783.1304321289,868.8312377929688,3286.8975219726563,16408719360,4294963200,3615170560,233472
200,1771967987778,800,800,969,1112,1137,883,800,800,800,1265,800,800,0,0,9.523809432983398,100,0,0,0,0,0,0,0,0,21853.218505859375,4096,676,32623,63,89,68786.58367919922,871.7651977539063,3286.8975219726563,16408719360,4294963200,3615170560,233472
200,1771967987978,800,800,969,1112,1137,883,800,800,800,1265,800,800,0,0,5,100,0,0,0,0,0,0,0,0,21853.359375,4096,676,32171,63,89,68790.16357421875,874.8221435546875,3286.8975219726563,16408719360,4294963200,3606851584,233472
200,1771967988178,800,800,969,1112,1137,883,800,800,800,1265,800,800,0,0,5.263157844543457,100,0,0,0,0,0,0,0,0,21853.498474121094,4096,676,32688,63,83,68793.62127685547,877.763427734375,3286.8975219726563,16408719360,4294963200,3614851072,233472
200,1771967988378,800,800,969,1112,1137,883,800,800,800,1265,800,800,0,0,9.523809432983398,100,0,0,0,0,0,0,0,0,21853.639404296875,4096,676,33200,63,90,68797.1205444336,880.7416381835938,3286.8975219726563,16408719360,4294963200,3614851072,233472
200,1771967988578,800,800,969,1112,1137,883,800,800,800,1265,800,800,0,0,5.263157844543457,100,0,0,0,0,0,0,0,0,21853.779174804688,4096,676,33206,63,88,68800.62493896484,883.7035522460938,3286.8975219726563,16408719360,4294963200,3614851072,233472
200,1771967988778,800,800,969,1112,1137,883,800,800,800,1265,800,800,0,0,5,100,0,0,0,0,0,0,0,0,21853.919494628906,4096,676,32569,63,88,68804.12615966797,886.6881713867188,3286.8975219726563,16408719360,4294963200,3614851072,233472
200,1771967988978,800,800,969,1112,1137,883,800,800,800,1265,800,800,0,0,9.523809432983398,100,0,0,0,0,0,0,0,0,21854.061401367188,4096,676,32453,63,88,68807.61260986328,889.6561279296875,3286.8975219726563,16408719360,4294963200,3614851072,233472
200,1771967989178,800,800,969,1112,1137,883,800,800,800,1265,800,800,0,0,5,100,0,0,0,0,0,0,0,0,21854.200134277344,4096,676,32780,63,89,68811.07922363281,892.5791625976563,3286.8975219726563,16408719360,4294963200,3614851072,233472
200,1771967989378,800,800,969,1112,1137,883,800,800,800,1265,800,800,0,0,5.263157844543457,100,0,0,0,0,0,0,0,0,21854.341552734375,4096,676,32446,63,87,68814.5492553711,895.5294799804688,3286.8975219726563,16408719360,4294963200,3614851072,233472
200,1771967989578,800,800,969,1112,1137,883,800,800,800,1265,800,800,0,0,9.523809432983398,100,0,0,0,0,0,0,0,0,21854.48065185547,4096,676,32304,63,89,68817.99768066406,898.4573364257813,3286.8975219726563,16408719360,4294963200,3614851072,233472
200,1771967989779,800,800,969,1112,1137,883,800,800,800,1265,800,800,0,0,10,100,0,0,0,0,0,0,0,0,21854.622131347656,4096,676,32457,63,86,68821.48583984375,901.4265747070313,3286.8975219726563,16408719360,4294963200,3614851072,233472
200,1771967989979,800,800,969,1112,1137,883,800,800,800,1265,800,800,0,4.761904716491699,5,100,0,0,0,0,0,0,0,0,21854.761169433594,4096,676,33559,63,90,68824.92456054688,904.3433227539063,3286.8975219726563,16408719360,4294963200,3613724672,233472
200,1771967990179,800,800,969,1112,1137,883,800,800,800,1265,800,800,0,0,5.263157844543457,100,0,0,0,0,0,0,0,0,21854.90203857422,4096,676,32798,63,87,68828.36169433594,907.263671875,3286.8975219726563,16408719360,4294963200,3613724672,233472
200,1771967990379,800,800,969,1112,1137,883,800,800,800,1265,800,800,0,0,5,100,0,0,0,0,0,0,0,0,21855.042419433594,4096,676,33131,63,90,68831.84692382813,910.204345703125,3286.8975219726563,16408719360,4294963200,3613724672,233472
200,1771967990579,800,800,969,1112,1137,883,800,800,800,1265,800,800,0,0,5,100,0,0,0,0,0,0,0,0,21855.181518554688,4096,676,33022,63,87,68835.28576660156,913.1264038085938,3286.8975219726563,16408719360,4294963200,3613724672,233472
200,1771967990779,800,800,969,1112,1137,883,800,800,800,1265,800,800,0,0,9.523809432983398,100,0,0,0,0,0,0,0,0,21855.322509765625,4096,676,32876,63,89,68838.77172851563,916.093017578125,3286.8975219726563,16408719360,4294963200,3613724672,233472
200,1771967990979,800,800,969,1112,1137,883,800,800,800,1265,800,800,0,0,5.263157844543457,100,0,0,0,0,0,0,0,0,21855.46405029297,4096,676,32289,63,88,68842.22375488281,919.027099609375,3286.8975219726563,16408719360,4294963200,3605467136,233472
200,1771967991179,800,800,969,1112,1137,883,800,800,800,1265,800,800,0,0,5,100,0,0,0,0,0,0,0,0,21855.60333251953,4096,676,32321,63,88,68845.68072509766,921.963623046875,3286.8975219726563,16408719360,4294963200,3613466624,233472
200,1771967991379,800,800,969,1112,1137,883,800,800,800,1265,800,800,0,0,10,100,0,0,0,0,0,0,0,0,21855.74298095703,4096,676,33283,63,90,68849.12493896484,924.8894653320313,3286.8975219726563,16408719360,4294963200,3613466624,233472
200,1771967991579,800,800,969,1112,1137,883,800,800,800,1265,800,800,52.38095474243164,0,10,100,0,4.761904716491699,20,0,5.263157844543457,0,5,0,21855.91748046875,4096,676,32501,63,86,68854.90026855469,930.1270751953125,3286.8975219726563,16408719360,4294963200,3616387072,233472
200,1771967991779,800,800,969,1112,1137,883,800,800,800,1265,800,800,0,0,5,100,0,0,0,0,0,0,0,0,21856.058349609375,4096,676,32671,63,89,68858.5599975586,933.2665405273438,3286.8975219726563,16408719360,4294963200,3616387072,233472
200,1771967991979,800,800,969,1112,1137,883,800,800,800,1265,800,800,0,0,5,15.000000953674316,0,0,0,85,0,0,0,0,21856.198669433594,4096,676,33267,63,88,68862.14825439453,936.333984375,3286.8975219726563,16408719360,4294963200,3616759808,233472
200,1771967992179,800,800,969,1112,1137,883,800,800,800,1265,800,800,0,0,5,0,0,0,0,100,0,0,0,0,21856.34014892578,4096,676,32681,63,87,68865.7548828125,939.3748779296875,3286.8975219726563,16408719360,4294963200,3616759808,233472
200,1771967992380,800,800,969,1112,1137,883,800,800,800,1265,800,800,0,0,10,0,0,0,0,100,0,0,0,0,21856.479614257813,4096,676,33542,63,91,68869.26733398438,942.3663940429688,3286.8975219726563,16408719360,4294963200,3616759808,233472
200,1771967992580,800,800,969,1112,1137,883,800,800,800,1265,800,800,0,0,5,0,0,0,0,100,0,0,0,0,21856.6220703125,4096,676,31851,63,79,68872.94677734375,945.5299682617188,3286.8975219726563,16408719360,4294963200,3616759808,233472
200,1771967992780,800,800,969,1112,1137,883,800,800,800,1265,800,800,0,0,5,0,0,0,0,100,0,0,0,0,21856.76202392578,4096,676,33403,63,89,68876.43420410156,948.4970092773438,3286.8975219726563,16408719360,4294963200,3616759808,233472
200,1771967992980,800,800,969,1112,1137,883,800,800,800,1265,800,800,0,0,10,0,0,0,0,100,0,0,0,0,21856.901489257813,4096,676,32836,63,87,68879.93426513672,951.4783935546875,3286.8975219726563,16408719360,4294963200,3615907840,233472
200,1771967993180,800,800,969,1112,1137,883,800,800,800,1265,800,800,0,0,5,0,0,0,0,100,0,0,0,0,21857.043029785156,4096,676,33347,63,90,68883.41619873047,954.4415283203125,3286.8975219726563,16408719360,4294963200,3615907840,233472
200,1771967993380,800,800,969,1112,1137,883,800,800,800,1265,800,800,0,0,10,0,0,0,0,100,0,0,0,0,21857.18341064453,4096,676,31936,63,88,68886.94171142578,957.4451904296875,3286.8975219726563,16408719360,4294963200,3615907840,233472
200,1771967993580,800,800,969,1112,1137,883,800,800,800,1265,800,800,0,0,5,0,0,0,0,100,0,0,0,0,21857.32208251953,4096,676,33053,63,88,68890.40301513672,960.3843383789063,3286.8975219726563,16408719360,4294963200,3615903744,233472
200,1771967993780,800,800,969,1112,1137,883,800,800,800,1265,800,800,0,0,5,0,0,0,0,100,0,0,0,0,21857.46368408203,4096,676,33749,63,90,68893.8941040039,963.3320922851563,3286.8975219726563,16408719360,4294963200,3615903744,233472
200,1771967993980,800,800,969,1112,1137,883,800,800,800,1265,800,800,0,0,5.263157844543457,0,0,0,0,100,0,0,0,0,21857.60528564453,4096,676,33511,63,90,68897.36560058594,966.2823486328125,3286.8975219726563,16408719360,4294963200,3607646208,233472
200,1771967994180,800,800,969,1112,1137,883,800,800,800,1265,800,800,0,0,9.523809432983398,0,0,0,0,100,0,0,0,0,21857.744750976563,4096,676,32600,63,88,68900.82946777344,969.227783203125,3286.8975219726563,16408719360,4294963200,3623903232,233472
200,1771967994380,800,800,969,1112,1137,883,800,800,800,1265,800,800,0,0,9.523809432983398,0,0,0,0,100,0,0,0,0,21857.884216308594,4096,676,33555,63,90,68904.33294677734,972.1881713867188,3286.8975219726563,16408719360,4294963200,3623903232,233472
200,1771967994580,800,800,969,1112,1137,883,800,800,800,1265,800,800,0,0,5.263157844543457,0,0,0,0,100,0,0,0,0,21858.024658203125,4096,676,32928,63,88,68907.79431152344,975.128662109375,3286.8975219726563,16408719360,4294963200,3623903232,233472
200,1771967994781,800,800,969,1112,1137,883,800,800,800,1265,800,800,0,0,9.523809432983398,0,0,0,0,100,0,0,0,0,21858.165283203125,4096,676,33202,63,89,68911.22534179688,978.0365600585938,3286.8975219726563,16408719360,4294963200,3623903232,233472
200,1771967994981,800,800,969,1112,1137,883,800,800,800,1265,800,800,0,0,5,0,0,0,0,100,0,0,0,0,21858.305419921875,4096,676,32519,63,89,68914.7153930664,981.005859375,3286.8975219726563,16408719360,4294963200,3623903232,233472
200,1771967995181,800,800,969,1112,1137,883,800,800,800,1265,800,800,0,0,5.263157844543457,0,0,0,0,100,0,0,0,0,21858.44677734375,4096,676,33138,63,87,68918.16021728516,983.9306640625,3286.8975219726563,16408719360,4294963200,3623903232,233472
200,1771967995381,800,800,969,1112,1137,883,800,800,800,1265,800,800,0,0,9.523809432983398,0,0,0,0,100,0,0,0,0,21858.58612060547,4096,676,33893,63,89,68921.59149169922,986.8422241210938,3286.8975219726563,16408719360,4294963200,3623903232,233472
200,1771967995581,800,800,969,1112,1137,883,800,800,800,1265,800,800,0,0,5,0,0,0,0,100,0,0,0,0,21858.724975585938,4096,676,32584,64,88,68925.0048828125,989.7357177734375,3286.8975219726563,16408719360,4294963200,3623903232,233472
200,1771967995781,800,800,969,1112,1137,883,800,800,800,1265,800,800,0,0,5.263157844543457,0,0,0,0,100,0,0,0,0,21858.867736816406,4096,676,32145,64,89,68928.57293701172,992.759521484375,3286.8975219726563,16408719360,4294963200,3623903232,233472
200,1771967995981,800,800,969,1112,1137,883,800,800,800,1265,800,800,0,0,0,0,0,0,9.523809432983398,100,0,0,0,0,21859.0068359375,4096,676,32457,64,89,68932.09747314453,995.7651977539063,3286.8975219726563,16408719360,4294963200,3638198272,233472
200,1771967996181,800,800,969,1112,1137,883,800,800,800,1265,800,800,0,0,0,0,0,0,5.263157844543457,100,0,0,0,0,21859.146057128906,4096,676,32422,64,89,68935.62298583984,998.7744750976563,3286.8975219726563,16408719360,4294963200,3638198272,233472
200,1771967996381,800,800,969,1112,1137,883,800,800,800,1265,800,800,0,0,0,0,0,0,5,100,0,0,0,0,21859.287048339844,4096,676,32693,64,88,68939.11987304688,1001.7520751953125,3286.8975219726563,16408719360,4294963200,3638198272,233472
200,1771967996581,800,800,969,1112,1137,883,800,800,800,1265,800,800,0,0,0,0,0,0,9.523809432983398,100,0,0,0,0,21859.426696777344,4096,676,32436,64,90,68942.66516113281,1004.775390625,3286.8975219726563,16408719360,4294963200,3638198272,233472
200,1771967996781,800,800,969,1112,1137,883,800,800,800,1265,800,800,0,0,0,0,0,0,5.263157844543457,100,0,0,0,0,21859.566040039063,4096,676,32316,64,87,68946.13873291016,1007.7288208007813,3286.8975219726563,16408719360,4294963200,3634868224,233472
200,1771967996981,800,800,969,1112,1137,883,800,800,800,1265,800,800,0,0,0,0,0,0,5,100,0,0,0,0,21859.707092285156,4096,676,32303,64,90,68949.611328125,1010.677001953125,3286.8975219726563,16408719360,4294963200,3626545152,233472
200,1771967997182,800,800,969,1112,1137,883,800,800,800,1265,800,800,0,0,0,0,0,0,5.263157844543457,100,0,0,0,0,21859.84814453125,4096,676,32330,64,89,68953.08581542969,1013.63134765625,3286.8975219726563,16408719360,4294963200,3634544640,233472
200,1771967997382,800,800,969,1112,1137,883,800,800,800,1265,800,800,0,0,0,0,0,0,13.636363983154297,100,0,0,0,0,21859.989990234375,4096,676,31959,64,89,68956.56512451172,1016.5889892578125,3286.8975219726563,16408719360,4294963200,3634544640,233472
200,1771967997582,800,800,969,1112,1137,883,800,800,800,1265,800,800,0,0,0,0,0,0,5.263157844543457,100,0,0,0,0,21860.12908935547,4096,676,33997,64,87,68960.01184082031,1019.4923706054688,3286.8975219726563,16408719360,4294963200,3634544640,233472
200,1771967997782,800,800,969,1112,1137,883,800,800,800,1265,800,800,0,0,0,0,0,0,5,100,0,0,0,0,21860.27001953125,4096,676,32785,64,89,68963.51776123047,1022.47900390625,3286.8975219726563,16408719360,4294963200,3634544640,233472
200,1771967997982,800,800,969,1112,1137,883,800,800,800,1265,800,800,0,0,0,0,0,0,5,100,0,0,0,0,21860.409240722656,4096,676,33609,64,88,68967.0424194336,1025.4842529296875,3286.8975219726563,16408719360,4294963200,3634544640,233472
200,1771967998182,800,800,969,1112,1137,883,800,800,800,1265,800,800,0,0,0,0,0,0,5,100,0,0,0,0,21860.548828125,4096,676,33638,64,88,68970.52563476563,1028.4491577148438,3286.8975219726563,16408719360,4294963200,3634544640,233472
200,1771967998382,800,800,969,1112,1137,883,800,800,800,1265,800,800,0,0,0,0,0,0,5.263157844543457,100,0,0,0,0,21860.688415527344,4096,676,32285,64,90,68974.05096435547,1031.4520874023438,3286.8975219726563,16408719360,4294963200,3634544640,233472
200,1771967998582,800,800,969,1112,1137,883,800,800,800,1265,800,800,0,0,0,0,0,0,9.523809432983398,100,0,0,0,0,21860.829528808594,4096,676,33047,64,89,68977.51434326172,1034.3949584960938,3286.8975219726563,16408719360,4294963200,3634544640,233472
200,1771967998782,800,800,969,1112,1137,883,800,800,800,1265,800,800,0,0,0,0,0,0,5,100,0,0,0,0,21860.97003173828,4096,676,32770,64,87,68981.04119873047,1037.3994140625,3286.8975219726563,16408719360,4294963200,3631632384,233472
200,1771967998982,800,800,969,1112,1137,883,800,800,800,1265,800,800,0,0,0,0,0,0,5.263157844543457,100,0,0,0,0,21861.11114501953,4096,676,32922,64,88,68984.57751464844,1040.416748046875,3286.8975219726563,16408719360,4294963200,3631632384,233472
200,1771967999182,800,800,969,1112,1137,883,800,800,800,1265,800,800,0,0,0,0,0,0,9.523809432983398,100,0,0,0,0,21861.251708984375,4096,676,31690,64,90,68988.07177734375,1043.3836669921875,3286.8975219726563,16408719360,4294963200,3631632384,233472
200,1771967999382,800,800,969,1112,1137,883,800,800,800,1265,800,800,0,0,0,0,0,0,5,100,0,0,0,0,21861.390686035156,4096,676,33745,64,89,68991.6162109375,1046.3648681640625,3286.8975219726563,16408719360,4294963200,3631632384,233472
200,1771967999582,800,800,969,1112,1137,883,800,800,800,1265,800,800,0,0,0,0,0,0,10,100,0,0,0,0,21861.532470703125,4096,676,32979,64,88,68995.10736083984,1049.3142700195313,3286.8975219726563,16408719360,4294963200,3631632384,233472
200,1771967999782,800,800,969,1112,1137,883,800,800,800,1265,800,800,0,0,0,0,0,0,0,100,0,0,0,0,21861.672912597656,4096,676,33311,64,89,68998.6011352539,1052.2835693359375,3286.8975219726563,16408719360,4294963200,3631632384,233472
200,1771967999983,800,800,969,1112,1137,883,800,800,800,1265,800,800,0,0,0,0,0,0,9.523809432983398,100,0,0,0,0,21861.812133789063,4096,676,32656,64,88,69002.09832763672,1055.2631225585938,3286.8975219726563,16408719360,4294963200,3622645760,233472
199,1771968000183,800,800,969,1112,1137,883,800,800,800,1265,800,800,0,0,0,0,0,0,10,100,0,0,0,0,21861.955688476563,4096,676,32345,64,89,69005.7163696289,1058.339599609375,3286.9055786132813,16408719360,4294963200,3639152640,233472
200,1771968000383,800,800,969,1112,1137,883,800,800,800,1265,800,800,0,0,0,0,0,0,5,100,0,0,0,0,21862.095947265625,4096,676,33692,64,88,69009.3012084961,1061.4017944335938,3286.9055786132813,16408719360,4294963200,3639148544,233472
200,1771968000583,800,800,969,1112,1137,883,800,800,800,1265,800,800,0,0,0,0,0,0,10,100,0,0,0,0,21862.23553466797,4096,676,32571,64,89,69012.810546875,1064.3900146484375,3286.9055786132813,16408719360,4294963200,3639148544,233472
200,1771968000783,800,800,969,1112,1137,883,800,800,800,1265,800,800,0,0,0,0,0,0,5,100,0,0,0,0,21862.37420654297,4096,676,32382,64,89,69016.32763671875,1067.3864135742188,3286.9055786132813,16408719360,4294963200,3636600832,233472
200,1771968000983,800,800,969,1112,1137,883,800,800,800,1265,800,800,0,0,0,15.000000953674316,0,0,5,85,0,0,0,0,21862.51922607422,4096,676,32845,64,87,69019.8892211914,1070.412841796875,3286.9122924804688,16408719360,4294963200,3636445184,233472
200,1771968001183,800,800,969,1112,1137,883,800,800,800,1265,800,800,0,0,0,100,0,0,10,0,0,0,0,0,21862.658081054688,4096,676,32624,64,90,69023.33660888672,1073.3106689453125,3286.9122924804688,16408719360,4294963200,3636445184,233472
200,1771968001383,800,800,969,1112,1137,883,800,800,800,1265,800,800,0,0,0,100,0,0,5,0,0,0,0,0,21862.79949951172,4096,676,32654,64,88,69026.77954101563,1076.231201171875,3286.9122924804688,16408719360,4294963200,3636445184,233472
200,1771968001583,800,800,969,1112,1137,883,800,800,800,1265,800,800,0,0,0,100,0,0,9.523809432983398,0,0,0,0,0,21862.939453125,4096,676,32251,64,89,69030.23156738281,1079.1644287109375,3286.9122924804688,16408719360,4294963200,3636445184,233472
200,1771968001783,800,800,969,1112,1137,883,800,800,800,1265,800,800,0,0,0,100,0,0,5.263157844543457,0,0,0,0,0,21863.07830810547,4096,676,32418,64,89,69033.67218017578,1082.084228515625,3286.9122924804688,16408719360,4294963200,3636445184,233472
200,1771968001983,800,800,969,1112,1137,883,800,800,800,1265,800,800,0,0,0,100,0,0,5,0,0,0,0,0,21863.21875,4096,676,33238,64,87,69037.08001708984,1084.9736938476563,3286.9122924804688,16408719360,4294963200,3635503104,233472
200,1771968002183,800,800,969,1112,1137,883,800,800,800,1265,800,800,0,0,0,100,0,0,10,0,0,0,0,0,21863.359497070313,4096,676,32629,64,88,69040.54168701172,1087.912353515625,3286.9122924804688,16408719360,4294963200,3635503104,233472
200,1771968002383,800,800,969,1112,1137,883,800,800,800,1265,800,800,0,0,0,100,0,0,5,0,0,0,0,0,21863.49822998047,4096,676,32871,64,88,69044.02197265625,1090.8704223632813,3286.9122924804688,16408719360,4294963200,3635503104,233472
200,1771968002584,800,800,969,1112,1137,883,800,800,800,1265,800,800,0,0,0,100,0,0,5,0,0,0,0,0,21863.6455078125,4096,676,32241,64,88,69047.67163085938,1093.9993896484375,3286.9122924804688,16408719360,4294963200,3629379584,233472
200,1771968002784,800,800,969,1112,1137,883,800,800,800,1265,800,800,0,0,0,100,0,0,10,0,0,0,0,0,21863.786560058594,4096,676,32985,64,88,69051.11169433594,1096.9141845703125,3286.9122924804688,16408719360,4294963200,3626164224,233472
200,1771968002984,800,800,969,1112,1137,883,800,800,800,1265,800,800,0,0,0,100,0,0,5,0,0,0,0,0,21863.92657470703,4096,676,32803,64,87,69054.53747558594,1099.8223266601563,3286.9122924804688,16408719360,4294963200,3626164224,233472
200,1771968003184,800,800,969,1112,1137,883,800,800,800,1265,800,800,0,0,0,100,0,0,10,0,0,0,0,0,21864.06719970703,4096,676,33733,64,89,69058.0537109375,1102.7913818359375,3286.9122924804688,16408719360,4294963200,3626274816,233472
200,1771968003384,800,800,969,1112,1137,883,800,800,800,1265,800,800,0,0,0,100,0,0,5,0,0,0,0,0,21864.2060546875,4096,676,32373,64,89,69061.46411132813,1105.678955078125,3286.9122924804688,16408719360,4294963200,3626274816,233472
200,1771968003584,800,800,969,1112,1137,883,800,800,800,1265,800,800,0,0,0,100,0,0,5.263157844543457,0,0,0,0,0,21864.345825195313,4096,676,32394,64,89,69064.97216796875,1108.672119140625,3286.9122924804688,16408719360,4294963200,3626274816,233472
200,1771968003784,800,800,969,1112,1137,883,800,800,800,1265,800,800,0,0,0,100,0,0,5,0,0,0,0,0,21864.486694335938,4096,676,32773,64,88,69068.47277832031,1111.6489868164063,3286.9122924804688,16408719360,4294963200,3626270720,233472
200,1771968003984,800,800,969,1112,1137,883,800,800,800,1265,800,800,0,0,0,100,0,0,9.523809432983398,0,0,0,0,0,21864.626831054688,4096,676,33264,64,89,69071.96826171875,1114.6239013671875,3286.9122924804688,16408719360,4294963200,3618013184,233472
200,1771968004184,800,800,969,1112,1137,883,800,800,800,1265,800,800,0,0,0,100,0,0,5.263157844543457,0,0,0,0,0,21864.76776123047,4096,676,32440,64,88,69075.48846435547,1117.6249389648438,3286.9122924804688,16408719360,4294963200,3626012672,233472
200,1771968004384,800,800,969,1112,1137,883,800,800,800,1265,800,800,0,0,0,100,0,0,9.523809432983398,0,0,0,0,0,21864.9072265625,4096,676,32115,64,89,69079.00024414063,1120.613037109375,3286.9122924804688,16408719360,4294963200,3626012672,233472
200,1771968004584,800,800,969,1112,1137,883,800,800,800,1265,800,800,0,0,0,100,0,0,9.523809432983398,0,0,0,0,10.526315689086914,21865.04931640625,4096,676,33286,64,87,69083.85754394531,1124.9530029296875,3286.9122924804688,16408719360,4294963200,3626012672,233472
200,1771968004784,800,800,969,1112,1137,883,800,800,800,1265,800,800,0,0,0,100,0,0,5.263157844543457,0,0,0,0,0,21865.18914794922,4096,676,33654,64,90,69089.4439086914,1129.9882202148438,3286.9122924804688,16408719360,4294963200,3626012672,233472
200,1771968004984,800,800,969,1112,1137,883,800,800,800,1265,800,800,0,0,0,100,0,0,5,0,0,0,0,0,21865.33154296875,4096,676,33009,64,92,69095.07983398438,1135.0999145507813,3286.9122924804688,16408719360,4294963200,3626012672,233472
200,1771968005185,800,800,969,1112,1137,883,800,800,800,1265,800,800,0,0,0,100,0,0,5,0,0,0,0,0,21865.470703125,4096,676,32902,64,90,69100.73516845703,1140.2002563476563,3286.9122924804688,16408719360,4294963200,3626012672,233472
200,1771968005385,800,800,969,1112,1137,883,800,800,800,1265,800,800,0,0,0,100,0,0,5,0,0,0,0,0,21865.612060546875,4096,676,33276,64,91,69106.34875488281,1145.2939453125,3286.9122924804688,16408719360,4294963200,3626012672,233472
200,1771968005585,800,800,969,1112,1137,883,800,800,800,1265,800,800,0,0,0,100,0,0,5,0,0,0,0,0,21865.750610351563,4096,676,33080,64,88,69111.94079589844,1150.3660278320313,3286.9122924804688,16408719360,4294963200,3626012672,233472
200,1771968005785,800,800,969,1112,1137,883,800,800,800,1265,800,800,0,0,0,100,0,0,10,0,0,0,0,0,21865.891174316406,4096,676,33131,64,91,69117.49237060547,1155.400146484375,3286.9122924804688,16408719360,4294963200,3626012672,233472
200,1771968005985,800,800,969,1112,1137,883,800,800,800,1265,800,800,0,0,0,100,0,0,5,0,0,0,0,0,21866.030334472656,4096,676,33479,64,90,69123.13494873047,1160.519287109375,3286.9122924804688,16408719360,4294963200,3617755136,233472
200,1771968006185,800,800,969,1112,1137,883,800,800,800,1265,800,800,0,0,0,100,4.761904716491699,0,5,0,0,0,0,0,21866.170471191406,4096,676,33550,65,91,69128.74200439453,1165.6069946289063,3286.9122924804688,16408719360,4294963200,3625754624,233472
200,1771968006385,800,800,969,1112,1137,883,800,800,800,1265,800,800,0,0,0,100,0,0,5,0,0,0,0,0,21866.311157226563,4096,676,33146,65,89,69134.40002441406,1170.7381591796875,3286.9122924804688,16408719360,4294963200,3625754624,233472
200,1771968006585,800,800,969,1112,1137,883,800,800,800,1265,800,800,0,0,0,100,0,0,5.263157844543457,0,0,0,0,0,21866.45037841797,4096,676,33704,65,91,69140.04119873047,1175.8578491210938,3286.9122924804688,16408719360,4294963200,3625754624,233472
200,1771968006785,800,800,969,1112,1137,883,800,800,800,1265,800,800,0,0,0,100,0,0,5,0,0,0,0,0,21866.591247558594,4096,676,32683,65,90,69145.5707397461,1180.8651123046875,3286.9122924804688,16408719360,4294963200,3625754624,233472
200,1771968006985,800,800,969,1112,1137,883,800,800,800,1265,800,800,0,0,0,100,0,0,5,0,0,0,0,0,21866.73260498047,4096,676,33218,65,89,69151.30017089844,1186.0704956054688,3286.9122924804688,16408719360,4294963200,3625754624,233472
200,1771968007185,800,800,969,1112,1137,883,800,800,800,1265,800,800,0,0,0,100,0,0,14.285715103149414,0,0,0,0,0,21866.873413085938,4096,676,33037,65,87,69156.89221191406,1191.1046752929688,3286.9122924804688,16408719360,4294963200,3625750528,233472
200,1771968007385,800,800,969,1112,1137,883,800,800,800,1265,800,800,0,0,0,100,0,0,5,0,0,0,0,0,21867.01318359375,4096,676,33573,65,90,69162.5517578125,1196.2477416992188,3286.9122924804688,16408719360,4294963200,3625750528,233472
200,1771968007585,800,800,969,1112,1137,883,800,800,800,1265,800,800,0,0,0,100,0,0,5,0,0,0,0,0,21867.15203857422,4096,676,33770,65,91,69168.14031982422,1201.3173828125,3286.9122924804688,16408719360,4294963200,3625750528,233472
200,1771968007785,800,800,969,1112,1137,883,800,800,800,1265,800,800,0,0,0,100,0,0,5,0,0,0,0,0,21867.291625976563,4096,676,32971,65,89,69173.70404052734,1206.3577880859375,3286.9122924804688,16408719360,4294963200,3625750528,233472
200,1771968007986,800,800,969,1112,1137,883,800,800,800,1265,800,800,0,0,0,100,0,0,5.263157844543457,0,0,0,0,0,21867.43084716797,4096,676,32684,65,91,69179.34851074219,1211.4794311523438,3286.9122924804688,16408719360,4294963200,3617492992,233472
200,1771968008186,800,800,969,1112,1137,883,800,800,800,1265,800,800,0,0,0,100,0,0,5,0,0,0,0,0,21867.57012939453,4096,676,33085,65,90,69184.89068603516,1216.4996337890625,3286.9122924804688,16408719360,4294963200,3618009088,233472
200,1771968008386,800,800,969,1112,1137,883,800,800,800,1265,800,800,0,0,0,100,0,0,5,0,0,0,0,0,21867.710205078125,4096,676,33627,65,91,69190.47644042969,1221.5645141601563,3286.9122924804688,16408719360,4294963200,3618009088,233472
200,1771968008586,800,800,969,1112,1137,883,800,800,800,1265,800,800,0,0,0,100,0,0,9.523809432983398,0,0,0,0,0,21867.849487304688,4096,676,33117,65,89,69196.0433959961,1226.6121826171875,3286.9122924804688,16408719360,4294963200,3618009088,233472
200,1771968008786,800,800,969,1112,1137,883,800,800,800,1265,800,800,0,0,0,100,0,0,5.263157844543457,0,0,0,0,0,21867.99053955078,4096,676,32443,65,91,69201.59490966797,1231.6357421875,3286.9122924804688,16408719360,4294963200,3618009088,233472
200,1771968008986,800,800,969,1112,1137,883,800,800,800,1265,800,800,0,0,0,100,0,0,9.523809432983398,0,0,0,0,0,21868.13006591797,4096,676,32869,65,91,69207.21588134766,1236.7366943359375,3286.9122924804688,16408719360,4294963200,3618009088,233472
200,1771968009186,800,800,969,1112,1137,883,800,800,800,1265,800,800,0,0,0,100,0,0,0,0,0,0,0,0,21868.27130126953,4096,676,33704,65,89,69212.7632446289,1241.7295532226563,3286.9122924804688,16408719360,4294963200,3618009088,233472
200,1771968009386,800,800,969,1112,1137,883,800,800,800,1265,800,800,0,0,0,100,0,0,14.285715103149414,0,0,0,0,0,21868.409790039063,4096,676,33594,65,91,69218.2485961914,1246.688232421875,3286.9122924804688,16408719360,4294963200,3618009088,233472
200,1771968009586,800,800,969,1112,1137,883,800,800,800,1265,800,800,0,0,0,100,0,0,0,0,0,0,0,0,21868.550170898438,4096,676,32654,65,91,69223.7744140625,1251.6986694335938,3286.9122924804688,16408719360,4294963200,3618009088,233472
200,1771968009786,800,800,969,1112,1137,883,800,800,800,1265,800,800,0,0,0,100,0,0,9.523809432983398,0,0,0,0,0,21868.690307617188,4096,676,32900,65,90,69229.2407836914,1256.6409301757813,3286.9122924804688,16408719360,4294963200,3618009088,233472
200,1771968009986,800,800,969,1112,1137,883,800,800,800,1265,800,800,0,0,0,100,0,0,5,0,0,0,5,0,21868.8349609375,4096,676,33290,65,89,69234.0654296875,1260.913330078125,3286.9122924804688,16408719360,4294963200,3618009088,233472
200,1771968010186,800,800,969,1112,1137,883,800,800,800,1265,800,800,5,0,0,100,0,0,5.263157844543457,0,0,0,0,0,21868.976806640625,4096,676,32028,65,88,69237.68408203125,1264.0027465820313,3286.9122924804688,16408719360,4294963200,3618009088,233472
200,1771968010386,800,800,969,1112,1137,883,800,800,800,1265,800,800,0,0,0,100,0,0,5,0,0,0,0,0,21869.116088867188,4096,676,32075,65,89,69241.19207763672,1266.98779296875,3286.9122924804688,16408719360,4294963200,3616960512,233472
200,1771968010586,800,800,969,1112,1137,883,800,800,800,1265,800,800,0,4.761904716491699,0,100,0,0,10,0,0,0,0,0,21869.25616455078,4096,676,32350,66,88,69244.72937011719,1270.0039672851563,3286.9122924804688,16408719360,4294963200,3616960512,233472
200,1771968010787,800,800,969,1112,1137,883,800,800,800,1265,800,800,0,0,0,100,0,0,9.523809432983398,0,0,0,0,0,21869.395935058594,4096,676,33062,66,87,69248.21630859375,1272.946044921875,3286.9122924804688,16408719360,4294963200,3616956416,233472
200,1771968010987,800,800,969,1112,1137,883,800,800,800,1265,800,800,0,0,0,100,0,0,5,0,0,0,0,0,21869.537353515625,4096,676,33139,66,87,69251.78448486328,1275.9890747070313,3286.9122924804688,16408719360,4294963200,3616956416,233472
200,1771968011187,800,800,969,1112,1137,883,800,800,800,1265,800,800,0,0,0,100,0,0,5.263157844543457,0,0,0,0,0,21869.677368164063,4096,676,32614,66,89,69255.30932617188,1278.9932250976563,3286.9122924804688,16408719360,4294963200,3616956416,233472
200,1771968011387,800,800,969,1112,1137,883,800,800,800,1265,800,800,0,0,0,100,0,0,9.523809432983398,0,0,0,0,0,21869.816650390625,4096,676,32914,66,89,69258.73876953125,1281.90185546875,3286.9122924804688,16408719360,4294963200,3616956416,233472
200,1771968011587,800,800,969,1112,1137,883,800,800,800,1265,800,800,0,0,0,100,0,0,5.263157844543457,0,0,0,0,0,21869.956665039063,4096,676,33440,65,87,69262.30596923828,1284.9490356445313,3286.9122924804688,16408719360,4294963200,3616956416,233472
200,1771968011787,800,800,969,1112,1137,883,800,800,800,1265,800,800,0,0,0,100,0,0,5,0,0,0,0,0,21870.09783935547,4096,676,32708,65,89,69265.79705810547,1287.9141845703125,3286.9122924804688,16408719360,4294963200,3616956416,233472
200,1771968011987,800,800,969,1112,1137,883,800,800,800,1265,800,800,0,0,0,100,0,0,10,0,0,0,0,0,21870.2373046875,4096,676,32400,65,89,69269.3110961914,1290.9036254882813,3286.9122924804688,16408719360,4294963200,3608698880,233472
200,1771968012187,800,800,969,1112,1137,883,800,800,800,1265,800,800,0,0,0,100,0,0,5,0,0,0,0,0,21870.376220703125,4096,676,32664,66,88,69272.88305664063,1293.9523315429688,3286.9122924804688,16408719360,4294963200,3624955904,233472
200,1771968012387,800,800,969,1112,1137,883,800,800,800,1265,800,800,0,0,4.761904716491699,100,0,0,10,0,0,0,0,0,21870.68585205078,4096,676,16439,66,77,69274.78204345703,1295.267822265625,3286.9122924804688,16408719360,4294963200,3623628800,233472
199,1771968012587,800,800,969,1112,1137,883,800,800,800,1265,800,800,0,0,0,100,0,0,9.523809432983398,0,0,0,0,4.761904716491699,21870.98504638672,4096,676,16327,63,0,69276.52044677734,1296.4207763671875,3286.9122924804688,16408719360,4294963200,3596107776,233472
200,1771968012787,800,800,969,1112,1137,883,800,800,800,1265,800,800,0,0,0,60.000003814697266,45,0,5.263157844543457,0,0,0,0,0,21871.19708251953,4096,675,16597,63,0,69279.20458984375,1298.5586547851563,3286.9124755859375,16408719360,4294963200,2788990976,233472
31,1771968012988,800,800,969,1112,1137,883,800,800,800,1265,800,800,0,0,0,0,30.000001907348633,0,10,0,0,4.761904716491699,0,0,21871.333618164063,4096,387,16232,62,0,69280.6039428711,1299.4930419921875,3286.9124755859375,16408719360,4294963200,2606526464,233472
